Index,year_film,year_ceremony,film,winner
0,1927,1928,The Last Command,True
1,1927,1928,7th Heaven,True
2,1927,1928,The Dove;,True
3,1927,1928,Sunrise,True
4,1927,1928,Two Arabian Knights,True
5,1927,1928,Wings,True
6,1927,1928,Underworld,True
7,1928,1929,In Old Arizona,True
8,1928,1929,Coquette,True
9,1928,1929,The Bridge of San Luis Rey,True
10,1928,1929,White Shadows in the South Seas,True
11,1928,1929,The Divine Lady,True
12,1928,1929,The Broadway Melody,True
13,1928,1929,The Patriot,True
14,1929,1930,Disraeli,True
15,1929,1930,The Divorcee,True
16,1929,1930,King of Jazz,True
17,1929,1930,With Byrd at the South Pole,True
18,1929,1930,All Quiet on the Western Front,True
19,1929,1930,The Big House,True
20,1930,1931,A Free Soul,True
21,1930,1931,Min and Bill,True
22,1930,1931,Cimarron,True
23,1930,1931,Tabu,True
24,1930,1931,Skippy,True
25,1930,1931,The Dawn Patrol,True
26,1931,1932,The Champ,True
27,1931,1932,Dr. Jekyll and Mr. Hyde,True
28,1931,1932,The Sin of Madelon Claudet,True
29,1931,1932,Transatlantic,True
30,1931,1932,Shanghai Express,True
31,1931,1932,Bad Girl,True
32,1931,1932,Grand Hotel,True
33,1931,1932,Flowers and Trees,True
34,1931,1932,The Music Box,True
35,1931,1932,Wrestling Swordfish,True
36,1932,1933,The Private Life of Henry VIII,True
37,1932,1933,Morning Glory,True
38,1932,1933,Cavalcade,True
39,1932,1933,A Farewell to Arms,True
40,1932,1933,The Three Little Pigs,True
41,1932,1933,So This Is Harris,True
42,1932,1933,Krakatoa,True
43,1932,1933,Little Women,True
44,1932,1933,One Way Passage,True
45,1934,1935,It Happened One Night,True
46,1934,1935,The Merry Widow,True
47,1934,1935,Viva Villa!,True
48,1934,1935,Cleopatra,True
49,1934,1935,Eskimo,True
50,1934,1935,One Night of Love,True
51,1934,1935,The Gay Divorcee,True
52,1934,1935,The Tortoise and the Hare,True
53,1934,1935,La Cucaracha,True
54,1934,1935,City of Wax,True
55,1934,1935,Manhattan Melodrama,True
56,1935,1936,The Informer,True
57,1935,1936,Dangerous,True
58,1935,1936,The Dark Angel,True
59,1935,1936,The Lives of a Bengal Lancer,True
60,1935,1936,A Midsummer Night's Dream,True
61,1935,1936,Broadway Melody of 1936;,True
62,1935,1936,Gold Diggers of 1935,True
63,1935,1936,Mutiny on the Bounty,True
64,1935,1936,Three Orphan Kittens,True
65,1935,1936,How to Sleep,True
66,1935,1936,Wings over Mt. Everest,True
67,1935,1936,Naughty Marietta,True
68,1935,1936,The Scoundrel,True
69,1936,1937,The Story of Louis Pasteur,True
70,1936,1937,Come and Get It,True
71,1936,1937,The Great Ziegfeld,True
72,1936,1937,Anthony Adverse,True
73,1936,1937,Dodsworth,True
74,1936,1937,The Charge of the Light Brigade,True
75,1936,1937,Mr. Deeds Goes to Town,True
76,1936,1937,Swing Time,True
77,1936,1937,The Country Cousin,True
78,1936,1937,Give Me Liberty,True
79,1936,1937,Bored of Education,True
80,1936,1937,The Public Pays,True
81,1936,1937,San Francisco,True
82,1937,1938,Captains Courageous,True
83,1937,1938,The Life of Emile Zola,True
84,1937,1938,The Good Earth,True
85,1937,1938,In Old Chicago,True
86,1937,1938,Lost Horizon,True
87,1937,1938,A Damsel in Distress,True
88,1937,1938,The Awful Truth,True
89,1937,1938,One Hundred Men and a Girl,True
90,1937,1938,Waikiki Wedding,True
91,1937,1938,The Old Mill,True
92,1937,1938,Penny Wisdom,True
93,1937,1938,The Private Life of the Gannets,True
94,1937,1938,Torture Money,True
95,1937,1938,The Hurricane,True
96,1937,1938,A Star Is Born,True
97,1938,1939,Boys Town,True
98,1938,1939,Kentucky,True
99,1938,1939,Jezebel,True
100,1938,1939,The Adventures of Robin Hood,True
101,1938,1939,The Great Waltz,True
102,1938,1939,You Can't Take It with You,True
103,1938,1939,Alexander's Ragtime Band,True
104,1938,1939,The Big Broadcast of 1938,True
105,1938,1939,Ferdinand the Bull,True
106,1938,1939,That Mothers Might Live,True
107,1938,1939,Declaration of Independence,True
108,1938,1939,The Cowboy and the Lady,True
109,1938,1939,Pygmalion,True
110,1939,1940,"Goodbye, Mr. Chips",True
111,1939,1940,Stagecoach,True
112,1939,1940,Gone with the Wind,True
113,1939,1940,Wuthering Heights,True
114,1939,1940,The Wizard of Oz,True
115,1939,1940,The Ugly Duckling,True
116,1939,1940,Busy Little Bears,True
117,1939,1940,Sons of Liberty,True
118,1939,1940,When Tomorrow Comes,True
119,1939,1940,The Rains Came,True
120,1939,1940,Mr. Smith Goes to Washington,True
121,1940,1941,The Philadelphia Story,True
122,1940,1941,The Westerner,True
123,1940,1941,Kitty Foyle,True
124,1940,1941,The Grapes of Wrath,True
125,1940,1941,Pride and Prejudice,True
126,1940,1941,The Thief of Bagdad,True
127,1940,1941,Rebecca,True
128,1940,1941,North West Mounted Police,True
129,1940,1941,Pinocchio,True
130,1940,1941,Tin Pan Alley,True
131,1940,1941,The Milky Way,True
132,1940,1941,Quicker 'N a Wink,True
133,1940,1941,"Teddy, the Rough Rider",True
134,1940,1941,Strike Up the Band,True
135,1940,1941,The Great McGinty,True
136,1940,1941,"Arise, My Love",True
137,1941,1942,Sergeant York,True
138,1941,1942,How Green Was My Valley,True
139,1941,1942,Suspicion,True
140,1941,1942,The Great Lie,True
141,1941,1942,Blossoms in the Dust,True
142,1941,1942,Blood and Sand,True
143,1941,1942,Churchill's Island,True
144,1941,1942,All That Money Can Buy,True
145,1941,1942,Dumbo,True
146,1941,1942,Lady Be Good,True
147,1941,1942,Lend a Paw,True
148,1941,1942,Of Pups and Puzzles,True
149,1941,1942,Main Street on the March!,True
150,1941,1942,That Hamilton Woman,True
151,1941,1942,I Wanted Wings,True
152,1941,1942,Citizen Kane,True
153,1941,1942,Here Comes Mr. Jordan,True
154,1942,1943,Yankee Doodle Dandy,True
155,1942,1943,Johnny Eager,True
156,1942,1943,Mrs. Miniver,True
157,1942,1943,This above All,True
158,1942,1943,My Gal Sal,True
159,1942,1943,The Black Swan,True
160,1942,1943,The Battle of Midway,True
161,1942,1943,Kokoda Front Line!,True
162,1942,1943,Moscow Strikes Back,True
163,1942,1943,Prelude to War,True
164,1942,1943,The Pride of the Yankees,True
165,1942,1943,"Now, Voyager",True
166,1942,1943,Holiday Inn,True
167,1942,1943,Der Fuehrer's Face,True
168,1942,1943,Speaking of Animals and Their Families,True
169,1942,1943,Beyond the Line of Duty,True
170,1942,1943,Reap the Wild Wind,True
171,1942,1943,The Invaders,True
172,1942,1943,Woman of the Year,True
173,1943,1944,Watch on the Rhine,True
174,1943,1944,The More the Merrier,True
175,1943,1944,The Song of Bernadette,True
176,1943,1944,For Whom the Bell Tolls,True
177,1943,1944,Phantom of the Opera,True
178,1943,1944,Casablanca,True
179,1943,1944,Desert Victory,True
180,1943,1944,December 7th,True
181,1943,1944,Air Force,True
182,1943,1944,This Is the Army,True
183,1943,1944,"Hello, Frisco, Hello",True
184,1943,1944,Yankee Doodle Mouse,True
185,1943,1944,Amphibious Fighters,True
186,1943,1944,Heavenly Music,True
187,1943,1944,This Land Is Mine,True
188,1943,1944,Crash Dive,True
189,1943,1944,The Human Comedy,True
190,1943,1944,Princess O'Rourke,True
191,1944,1945,Going My Way,True
192,1944,1945,Gaslight,True
193,1944,1945,None but the Lonely Heart,True
194,1944,1945,Wilson,True
195,1944,1945,Laura,True
196,1944,1945,The Fighting Lady,True
197,1944,1945,With the Marines at Tarawa,True
198,1944,1945,Since You Went Away,True
199,1944,1945,Cover Girl,True
200,1944,1945,Mouse Trouble,True
201,1944,1945,Who's Who in Animal Land,True
202,1944,1945,I Won't Play,True
203,1944,1945,Thirty Seconds over Tokyo,True
204,1945,1946,The Lost Weekend,True
205,1945,1946,A Tree Grows in Brooklyn,True
206,1945,1946,Mildred Pierce,True
207,1945,1946,National Velvet,True
208,1945,1946,Blood on the Sun,True
209,1945,1946,Frenchman's Creek,True
210,1945,1946,The Picture of Dorian Gray,True
211,1945,1946,Leave Her to Heaven,True
212,1945,1946,The True Glory,True
213,1945,1946,Hitler Lives?,True
214,1945,1946,Spellbound,True
215,1945,1946,Anchors Aweigh,True
216,1945,1946,State Fair,True
217,1945,1946,Quiet Please!,True
218,1945,1946,Stairway to Light,True
219,1945,1946,Star in the Night,True
220,1945,1946,The Bells of St. Mary's,True
221,1945,1946,Wonder Man,True
222,1945,1946,The House on 92nd Street,True
223,1945,1946,Marie-Louise,True
224,1946,1947,The Best Years of Our Lives,True
225,1946,1947,To Each His Own,True
226,1946,1947,The Razor's Edge,True
227,1946,1947,Anna and the King of Siam,True
228,1946,1947,The Yearling,True
229,1946,1947,Seeds of Destiny,True
230,1946,1947,The Jolson Story,True
231,1946,1947,The Harvey Girls,True
232,1946,1947,The Cat Concerto,True
233,1946,1947,Facing Your Danger,True
234,1946,1947,A Boy and His Dog,True
235,1946,1947,Blithe Spirit,True
236,1946,1947,Vacation from Marriage,True
237,1946,1947,The Seventh Veil,True
238,1947,1948,A Double Life,True
239,1947,1948,Miracle on 34th Street,True
240,1947,1948,The Farmer's Daughter,True
241,1947,1948,Gentleman's Agreement,True
242,1947,1948,Great Expectations,True
243,1947,1948,Black Narcissus,True
244,1947,1948,Design for Death,True
245,1947,1948,First Steps,True
246,1947,1948,Body and Soul,True
247,1947,1948,Mother Wore Tights,True
248,1947,1948,Song of the South,True
249,1947,1948,Tweetie Pie,True
250,1947,1948,Good-bye Miss Turlock,True
251,1947,1948,Climbing the Matterhorn,True
252,1947,1948,The Bishop's Wife,True
253,1947,1948,Green Dolphin Street,True
254,1947,1948,The Bachelor and the Bobby-Soxer,True
255,1948,1949,Hamlet,True
256,1948,1949,The Treasure of the Sierra Madre,True
257,1948,1949,Johnny Belinda,True
258,1948,1949,Key Largo,True
259,1948,1949,The Red Shoes,True
260,1948,1949,The Naked City,True
261,1948,1949,Joan of Arc,True
262,1948,1949,The Secret Land,True
263,1948,1949,Toward Independence,True
264,1948,1949,Easter Parade,True
265,1948,1949,The Paleface,True
266,1948,1949,The Little Orphan,True
267,1948,1949,Symphony of a City,True
268,1948,1949,Seal Island,True
269,1948,1949,The Snake Pit,True
270,1948,1949,Portrait of Jennie,True
271,1948,1949,The Search,True
272,1949,1950,All the King's Men,True
273,1949,1950,Twelve O'Clock High,True
274,1949,1950,The Heiress,True
275,1949,1950,Little Women,True
276,1949,1950,Battleground,True
277,1949,1950,She Wore a Yellow Ribbon,True
278,1949,1950,The Adventures of Don Juan,True
279,1949,1950,A Letter to Three Wives,True
280,1949,1950,Daybreak in Udi,True
281,1949,1950,A Chance to Live,True
282,1949,1950,So Much for So Little,True
283,1949,1950,Champion,True
284,1949,1950,On the Town,True
285,1949,1950,Neptune's Daughter,True
286,1949,1950,For Scent-Imental Reasons,True
287,1949,1950,Aquatic House-Party,True
288,1949,1950,Van Gogh,True
289,1949,1950,Mighty Joe Young,True
290,1949,1950,The Stratton Story,True
291,1950,1951,Cyrano de Bergerac,True
292,1950,1951,All about Eve,True
293,1950,1951,Born Yesterday,True
294,1950,1951,Harvey,True
295,1950,1951,Sunset Blvd.,True
296,1950,1951,Samson and Delilah,True
297,1950,1951,The Third Man,True
298,1950,1951,King Solomon's Mines,True
299,1950,1951,The Titan: Story of Michelangelo,True
300,1950,1951,Why Korea?,True
301,1950,1951,Annie Get Your Gun,True
302,1950,1951,"Captain Carey, U.S.A.",True
303,1950,1951,Gerald McBoing-Boing,True
304,1950,1951,Grandad of Races,True
305,1950,1951,In Beaver Valley,True
306,1950,1951,Destination Moon,True
307,1950,1951,Panic in the Streets,True
308,1951,1952,The African Queen,True
309,1951,1952,A Streetcar Named Desire,True
310,1951,1952,An American in Paris,True
311,1951,1952,A Place in the Sun,True
312,1951,1952,Kon-Tiki,True
313,1951,1952,Benjy,True
314,1951,1952,Here Comes the Groom,True
315,1951,1952,The Two Mouseketeers,True
316,1951,1952,World of Kids,True
317,1951,1952,Nature's Half Acre,True
318,1951,1952,The Great Caruso,True
319,1951,1952,When Worlds Collide,True
320,1951,1952,Seven Days to Noon,True
321,1952,1953,High Noon,True
322,1952,1953,Viva Zapata!,True
323,1952,1953,"Come Back, Little Sheba",True
324,1952,1953,The Bad and the Beautiful,True
325,1952,1953,Moulin Rouge,True
326,1952,1953,The Quiet Man,True
327,1952,1953,The Sea around Us,True
328,1952,1953,Neighbours,True
329,1952,1953,With a Song in My Heart,True
330,1952,1953,The Greatest Show on Earth,True
331,1952,1953,Johann Mouse,True
332,1952,1953,Light in the Window: The Art of Vermeer,True
333,1952,1953,Water Birds,True
334,1952,1953,Breaking the Sound Barrier,True
335,1952,1953,Plymouth Adventure,True
336,1952,1953,The Lavender Hill Mob,True
337,1953,1954,Stalag 17,True
338,1953,1954,From Here to Eternity,True
339,1953,1954,Roman Holiday,True
340,1953,1954,Julius Caesar,True
341,1953,1954,The Robe,True
342,1953,1954,Shane,True
343,1953,1954,The Living Desert,True
344,1953,1954,The Alaskan Eskimo,True
345,1953,1954,Lili,True
346,1953,1954,Call Me Madam,True
347,1953,1954,Calamity Jane,True
348,1953,1954,"Toot, Whistle, Plunk and Boom",True
349,1953,1954,The Merry Wives of Windsor Overture,True
350,1953,1954,Bear Country,True
351,1953,1954,The War of the Worlds,True
352,1953,1954,Titanic,True
353,1954,1955,On the Waterfront,True
354,1954,1955,The Barefoot Contessa,True
355,1954,1955,The Country Girl,True
356,1954,1955,"20,000 Leagues under the Sea",True
357,1954,1955,Three Coins in the Fountain,True
358,1954,1955,Sabrina,True
359,1954,1955,Gate of Hell,True
360,1954,1955,The Vanishing Prairie,True
361,1954,1955,Thursday's Children,True
362,1954,1955,The High and the Mighty,True
363,1954,1955,Seven Brides for Seven Brothers,True
364,1954,1955,When Magoo Flew,True
365,1954,1955,This Mechanical Age,True
366,1954,1955,A Time Out of War,True
367,1954,1955,The Glenn Miller Story,True
368,1954,1955,Broken Lance,True
369,1955,1956,Marty,True
370,1955,1956,Mister Roberts,True
371,1955,1956,The Rose Tattoo,True
372,1955,1956,East of Eden,True
373,1955,1956,Picnic,True
374,1955,1956,To Catch a Thief,True
375,1955,1956,I'll Cry Tomorrow,True
376,1955,1956,Love Is a Many-Splendored Thing,True
377,1955,1956,Helen Keller in Her Story,True
378,1955,1956,Men against the Arctic,True
379,1955,1956,Oklahoma!,True
380,1955,1956,Speedy Gonzales,True
381,1955,1956,Survival City,True
382,1955,1956,The Face of Lincoln,True
383,1955,1956,The Bridges at Toko-Ri,True
384,1955,1956,Love Me or Leave Me,True
385,1955,1956,Interrupted Melody,True
386,1956,1957,The King and I,True
387,1956,1957,Lust for Life,True
388,1956,1957,Anastasia,True
389,1956,1957,Written on the Wind,True
390,1956,1957,Somebody Up There Likes Me,True
391,1956,1957,Around the World in 80 Days,True
392,1956,1957,The Solid Gold Cadillac,True
393,1956,1957,Giant,True
394,1956,1957,The Silent World,True
395,1956,1957,The True Story of the Civil War,True
396,1956,1957,La Strada,True
397,1956,1957,The Man Who Knew Too Much,True
398,1956,1957,Mister Magoo's Puddle Jumper,True
399,1956,1957,Crashing the Water Barrier,True
400,1956,1957,The Bespoke Overcoat,True
401,1956,1957,The Ten Commandments,True
402,1956,1957,The Brave One,True
403,1956,1957,The Red Balloon,True
404,1957,1958,The Bridge on the River Kwai,True
405,1957,1958,Sayonara,True
406,1957,1958,The Three Faces of Eve,True
407,1957,1958,Les Girls,True
408,1957,1958,Albert Schweitzer,True
409,1957,1958,The Nights of Cabiria,True
410,1957,1958,The Joker Is Wild,True
411,1957,1958,Birds Anonymous,True
412,1957,1958,The Wetback Hound,True
413,1957,1958,The Enemy Below,True
414,1957,1958,Designing Woman,True
415,1958,1959,Separate Tables,True
416,1958,1959,The Big Country,True
417,1958,1959,I Want to Live!,True
418,1958,1959,Gigi,True
419,1958,1959,The Defiant Ones,True
420,1958,1959,White Wilderness,True
421,1958,1959,Ama Girls,True
422,1958,1959,My Uncle,True
423,1958,1959,The Old Man and the Sea,True
424,1958,1959,Knighty Knight Bugs,True
425,1958,1959,Grand Canyon,True
426,1958,1959,South Pacific,True
427,1958,1959,tom thumb,True
428,1959,1960,Ben-Hur,True
429,1959,1960,Room at the Top,True
430,1959,1960,The Diary of Anne Frank,True
431,1959,1960,Some Like It Hot,True
432,1959,1960,Serengeti Shall Not Die,True
433,1959,1960,Glass,True
434,1959,1960,Black Orpheus,True
435,1959,1960,Porgy and Bess,True
436,1959,1960,A Hole in the Head,True
437,1959,1960,Moonbird,True
438,1959,1960,The Golden Fish,True
439,1959,1960,Pillow Talk,True
440,1960,1961,Elmer Gantry,True
441,1960,1961,Spartacus,True
442,1960,1961,Butterfield 8,True
443,1960,1961,The Apartment,True
444,1960,1961,Sons and Lovers,True
445,1960,1961,The Facts of Life,True
446,1960,1961,The Horse with the Flying Tail,True
447,1960,1961,Giuseppina,True
448,1960,1961,The Virgin Spring,True
449,1960,1961,Exodus,True
450,1960,1961,Song without End (The Story of Franz Liszt),True
451,1960,1961,Never on Sunday,True
452,1960,1961,Munro,True
453,1960,1961,Day of the Painter,True
454,1960,1961,The Alamo,True
455,1960,1961,The Time Machine,True
456,1961,1962,Judgment at Nuremberg,True
457,1961,1962,West Side Story,True
458,1961,1962,Two Women,True
459,1961,1962,The Hustler,True
460,1961,1962,La Dolce Vita,True
461,1961,1962,Le Ciel et la Boue (Sky Above and Mud Beneath),True
462,1961,1962,Project Hope,True
463,1961,1962,Through a Glass Darkly,True
464,1961,1962,Breakfast at Tiffany's,True
465,1961,1962,Ersatz (The Substitute),True
466,1961,1962,Seawards the Great Ships,True
467,1961,1962,The Guns of Navarone,True
468,1961,1962,Splendor in the Grass,True
469,1962,1963,To Kill a Mockingbird,True
470,1962,1963,Sweet Bird of Youth,True
471,1962,1963,The Miracle Worker,True
472,1962,1963,Lawrence of Arabia,True
473,1962,1963,The Longest Day,True
474,1962,1963,What Ever Happened to Baby Jane?,True
475,1962,1963,The Wonderful World of the Brothers Grimm,True
476,1962,1963,Black Fox,True
477,1962,1963,Dylan Thomas,True
478,1962,1963,Sundays and Cybele,True
479,1962,1963,Meredith Willson's The Music Man,True
480,1962,1963,Days of Wine and Roses,True
481,1962,1963,The Hole,True
482,1962,1963,Heureux Anniversaire (Happy Anniversary),True
483,1962,1963,Divorce--Italian Style,True
484,1963,1964,Lilies of the Field,True
485,1963,1964,Hud,True
486,1963,1964,The V.I.P.s,True
487,1963,1964,America America,True
488,1963,1964,Cleopatra,True
489,1963,1964,Federico Fellini's 8-1/2,True
490,1963,1964,Tom Jones,True
491,1963,1964,Robert Frost: A Lover's Quarrel with the World,True
492,1963,1964,Chagall,True
493,1963,1964,How the West Was Won,True
494,1963,1964,Irma La Douce,True
495,1963,1964,Papa's Delicate Condition,True
496,1963,1964,The Critic,True
497,1963,1964,An Occurrence at Owl Creek Bridge,True
498,1963,1964,"It's a Mad, Mad, Mad, Mad World",True
499,1964,1965,My Fair Lady,True
500,1964,1965,Topkapi,True
501,1964,1965,Mary Poppins,True
502,1964,1965,Zorba the Greek,True
503,1964,1965,The Night of the Iguana,True
504,1964,1965,Jacques-Yves Cousteau's World without Sun,True
505,1964,1965,Nine from Little Rock,True
506,1964,1965,"Yesterday, Today and Tomorrow",True
507,1964,1965,The Pink Phink,True
508,1964,1965,Casals Conducts: 1964,True
509,1964,1965,Goldfinger,True
510,1964,1965,Becket,True
511,1964,1965,Father Goose,True
512,1965,1966,Cat Ballou,True
513,1965,1966,A Thousand Clowns,True
514,1965,1966,Darling,True
515,1965,1966,A Patch of Blue,True
516,1965,1966,Ship of Fools,True
517,1965,1966,Doctor Zhivago,True
518,1965,1966,The Sound of Music,True
519,1965,1966,The Eleanor Roosevelt Story,True
520,1965,1966,To Be Alive!,True
521,1965,1966,The Shop on Main Street,True
522,1965,1966,The Sandpiper,True
523,1965,1966,The Dot and the Line,True
524,1965,1966,The Chicken (Le Poulet),True
525,1965,1966,The Great Race,True
526,1965,1966,Thunderball,True
527,1966,1967,A Man for All Seasons,True
528,1966,1967,The Fortune Cookie,True
529,1966,1967,Who's Afraid of Virginia Woolf?,True
530,1966,1967,Fantastic Voyage,True
531,1966,1967,The War Game,True
532,1966,1967,A Year toward Tomorrow,True
533,1966,1967,Grand Prix,True
534,1966,1967,A Man and a Woman,True
535,1966,1967,Born Free,True
536,1966,1967,A Funny Thing Happened on the Way to the Forum,True
537,1966,1967,Herb Alpert and the Tijuana Brass Double Feature,True
538,1966,1967,Wild Wings,True
539,1967,1968,In the Heat of the Night,True
540,1967,1968,Cool Hand Luke,True
541,1967,1968,Guess Who's Coming to Dinner,True
542,1967,1968,Bonnie and Clyde,True
543,1967,1968,Camelot,True
544,1967,1968,The Graduate,True
545,1967,1968,The Anderson Platoon,True
546,1967,1968,The Redwoods,True
547,1967,1968,Closely Watched Trains,True
548,1967,1968,Thoroughly Modern Millie,True
549,1967,1968,Doctor Dolittle,True
550,1967,1968,The Box,True
551,1967,1968,A Place to Stand,True
552,1967,1968,The Dirty Dozen,True
553,1968,1969,Charly,True
554,1968,1969,The Subject Was Roses,True
555,1968,1969,The Lion in Winter,True
556,1968,1969,Funny Girl,True
557,1968,1969,Rosemary's Baby,True
558,1968,1969,Oliver!,True
559,1968,1969,Romeo and Juliet,True
560,1968,1969,Journey into Self,True
561,1968,1969,Why Man Creates,True
562,1968,1969,Bullitt,True
563,1968,1969,War and Peace,True
564,1968,1969,The Thomas Crown Affair,True
565,1968,1969,Winnie the Pooh and the Blustery Day,True
566,1968,1969,Robert Kennedy Remembered,True
567,1968,1969,2001: A Space Odyssey,True
568,1968,1969,The Producers,True
569,1969,1970,True Grit,True
570,1969,1970,"They Shoot Horses, Don't They?",True
571,1969,1970,The Prime of Miss Jean Brodie,True
572,1969,1970,Cactus Flower,True
573,1969,1970,"Hello, Dolly!",True
574,1969,1970,Butch Cassidy and the Sundance Kid,True
575,1969,1970,Anne of the Thousand Days,True
576,1969,1970,Midnight Cowboy,True
577,1969,1970,Arthur Rubinstein - The Love of Life,True
578,1969,1970,Czechoslovakia 1968,True
579,1969,1970,Z,True
580,1969,1970,It's Tough to Be a Bird,True
581,1969,1970,The Magic Machines,True
582,1969,1970,Marooned,True
583,1970,1971,Patton,True
584,1970,1971,Ryan's Daughter,True
585,1970,1971,Women in Love,True
586,1970,1971,Airport,True
587,1970,1971,Cromwell,True
588,1970,1971,Woodstock,True
589,1970,1971,Interviews with My Lai Veterans,True
590,1970,1971,Investigation of a Citizen above Suspicion,True
591,1970,1971,Love Story,True
592,1970,1971,Let It Be,True
593,1970,1971,Lovers and Other Strangers,True
594,1970,1971,Is It Always Right to Be Right?,True
595,1970,1971,The Resurrection of Broncho Billy,True
596,1970,1971,Tora! Tora! Tora!,True
597,1970,1971,M*A*S*H,True
598,1971,1972,The French Connection,True
599,1971,1972,The Last Picture Show,True
600,1971,1972,Klute,True
601,1971,1972,Nicholas and Alexandra,True
602,1971,1972,Fiddler on the Roof,True
603,1971,1972,The Hellstrom Chronicle,True
604,1971,1972,Sentinels of Silence,True
605,1971,1972,The Garden of the Finzi Continis,True
606,1971,1972,Summer of '42,True
607,1971,1972,Shaft,True
608,1971,1972,The Crunch Bird,True
609,1971,1972,Bedknobs and Broomsticks,True
610,1971,1972,The Hospital,True
611,1972,1973,The Godfather,True
612,1972,1973,Cabaret,True
613,1972,1973,Butterflies Are Free,True
614,1972,1973,Travels with My Aunt,True
615,1972,1973,Marjoe,True
616,1972,1973,This Tiny World,True
617,1972,1973,The Discreet Charm of the Bourgeoisie,True
618,1972,1973,Limelight,True
619,1972,1973,The Poseidon Adventure,True
620,1972,1973,A Christmas Carol,True
621,1972,1973,Norman Rockwell's World...An American Dream,True
622,1972,1973,The Candidate,True
623,1973,1974,Save the Tiger,True
624,1973,1974,The Paper Chase,True
625,1973,1974,A Touch of Class,True
626,1973,1974,Paper Moon,True
627,1973,1974,The Sting,True
628,1973,1974,Cries and Whispers,True
629,1973,1974,The Great American Cowboy,True
630,1973,1974,Princeton: A Search for Answers,True
631,1973,1974,Day for Night,True
632,1973,1974,The Way We Were,True
633,1973,1974,Frank Film,True
634,1973,1974,The Bolero,True
635,1973,1974,The Exorcist,True
636,1974,1975,Harry and Tonto,True
637,1974,1975,The Godfather Part II,True
638,1974,1975,Alice Doesn't Live Here Anymore,True
639,1974,1975,Murder on the Orient Express,True
640,1974,1975,The Towering Inferno,True
641,1974,1975,The Great Gatsby,True
642,1974,1975,Hearts and Minds,True
643,1974,1975,Don't,True
644,1974,1975,Amarcord,True
645,1974,1975,Closed Mondays,True
646,1974,1975,One-Eyed Men Are Kings,True
647,1974,1975,Earthquake,True
648,1974,1975,Chinatown,True
649,1975,1976,One Flew over the Cuckoo's Nest,True
650,1975,1976,The Sunshine Boys,True
651,1975,1976,Shampoo,True
652,1975,1976,Barry Lyndon,True
653,1975,1976,The Man Who Skied down Everest,True
654,1975,1976,The End of the Game,True
655,1975,1976,Jaws,True
656,1975,1976,Dersu Uzala,True
657,1975,1976,Nashville,True
658,1975,1976,Great,True
659,1975,1976,Angel and Big Joe,True
660,1975,1976,Dog Day Afternoon,True
661,1975,1976,The Hindenburg,True
662,1976,1977,Network,True
663,1976,1977,All the President's Men,True
664,1976,1977,Bound for Glory,True
665,1976,1977,Fellini's Casanova,True
666,1976,1977,Rocky,True
667,1976,1977,"Harlan County, U.S.A.",True
668,1976,1977,Number Our Days,True
669,1976,1977,Black and White in Color,True
670,1976,1977,The Omen,True
671,1976,1977,A Star Is Born,True
672,1976,1977,Leisure,True
673,1976,1977,In the Region of Ice,True
674,1976,1977,King Kong,True
675,1976,1977,Logan's Run,True
676,1977,1978,The Goodbye Girl,True
677,1977,1978,Julia,True
678,1977,1978,Annie Hall,True
679,1977,1978,Star Wars,True
680,1977,1978,Close Encounters of the Third Kind,True
681,1977,1978,Who Are the DeBolts? And Where Did They Get Nineteen Kids?,True
682,1977,1978,Gravity Is My Enemy,True
683,1977,1978,Madame Rosa,True
684,1977,1978,A Little Night Music,True
685,1977,1978,You Light Up My Life,True
686,1977,1978,The Sand Castle,True
687,1977,1978,I'll Find a Way,True
688,1978,1979,Coming Home,True
689,1978,1979,The Deer Hunter,True
690,1978,1979,California Suite,True
691,1978,1979,Heaven Can Wait,True
692,1978,1979,Days of Heaven,True
693,1978,1979,Death on the Nile,True
694,1978,1979,Scared Straight!,True
695,1978,1979,The Flight of the Gossamer Condor,True
696,1978,1979,Get Out Your Handkerchiefs,True
697,1978,1979,The Buddy Holly Story,True
698,1978,1979,Midnight Express,True
699,1978,1979,Thank God It's Friday,True
700,1978,1979,Special Delivery,True
701,1978,1979,Teenage Father,True
702,1978,1979,Superman,True
703,1979,1980,Kramer vs. Kramer,True
704,1979,1980,Being There,True
705,1979,1980,Norma Rae,True
706,1979,1980,All That Jazz,True
707,1979,1980,Apocalypse Now,True
708,1979,1980,Best Boy,True
709,1979,1980,Paul Robeson: Tribute to an Artist,True
710,1979,1980,The Tin Drum,True
711,1979,1980,A Little Romance,True
712,1979,1980,Every Child,True
713,1979,1980,Board and Care,True
714,1979,1980,Alien,True
715,1979,1980,Breaking Away,True
716,1979,1980,The Black Stallion,True
717,1980,1981,Raging Bull,True
718,1980,1981,Ordinary People,True
719,1980,1981,Coal Miner's Daughter,True
720,1980,1981,Melvin and Howard,True
721,1980,1981,Tess,True
722,1980,1981,From Mao to Mozart: Isaac Stern in China,True
723,1980,1981,Karl Hess: Toward Liberty,True
724,1980,1981,Moscow Does Not Believe in Tears,True
725,1980,1981,Fame,True
726,1980,1981,The Fly,True
727,1980,1981,The Dollar Bottom,True
728,1980,1981,The Empire Strikes Back,True
729,1981,1982,On Golden Pond,True
730,1981,1982,Arthur,True
731,1981,1982,Reds,True
732,1981,1982,Raiders of the Lost Ark,True
733,1981,1982,Chariots of Fire,True
734,1981,1982,Genocide,True
735,1981,1982,Close Harmony,True
736,1981,1982,Mephisto,True
737,1981,1982,An American Werewolf in London,True
738,1981,1982,Crac,True
739,1981,1982,Violet,True
740,1982,1983,Gandhi,True
741,1982,1983,An Officer and a Gentleman,True
742,1982,1983,Sophie's Choice,True
743,1982,1983,Tootsie,True
744,1982,1983,Just Another Missing Kid,True
745,1982,1983,If You Love This Planet,True
746,1982,1983,Volver a Empezar ('To Begin Again'),True
747,1982,1983,Quest for Fire,True
748,1982,1983,E.T. The Extra-Terrestrial,True
749,1982,1983,Victor/Victoria,True
750,1982,1983,Tango,True
751,1982,1983,A Shocking Accident,True
752,1982,1983,Missing,True
753,1983,1984,Tender Mercies,True
754,1983,1984,Terms of Endearment,True
755,1983,1984,The Year of Living Dangerously,True
756,1983,1984,Fanny & Alexander,True
757,1983,1984,He Makes Me Feel Like Dancin',True
758,1983,1984,Flamenco at 5:15,True
759,1983,1984,The Right Stuff,True
760,1983,1984,Yentl,True
761,1983,1984,Flashdance,True
762,1983,1984,Sundae in New York,True
763,1983,1984,Boys and Girls,True
764,1983,1984,Return of the Jedi,True
765,1984,1985,Amadeus,True
766,1984,1985,The Killing Fields,True
767,1984,1985,Places in the Heart,True
768,1984,1985,A Passage to India,True
769,1984,1985,The Times of Harvey Milk,True
770,1984,1985,The Stone Carvers,True
771,1984,1985,Dangerous Moves,True
772,1984,1985,Purple Rain,True
773,1984,1985,The Woman in Red,True
774,1984,1985,Charade,True
775,1984,1985,Up,True
776,1984,1985,Indiana Jones and the Temple of Doom,True
777,1984,1985,The River,True
778,1985,1986,Kiss of the Spider Woman,True
779,1985,1986,Cocoon,True
780,1985,1986,The Trip to Bountiful,True
781,1985,1986,Prizzi's Honor,True
782,1985,1986,Out of Africa,True
783,1985,1986,Ran,True
784,1985,1986,Broken Rainbow,True
785,1985,1986,Witness to War: Dr. Charlie Clements,True
786,1985,1986,Witness,True
787,1985,1986,The Official Story,True
788,1985,1986,Mask,True
789,1985,1986,White Nights,True
790,1985,1986,Anna & Bella,True
791,1985,1986,Molly's Pilgrim,True
792,1985,1986,Back to the Future,True
793,1986,1987,The Color of Money,True
794,1986,1987,Hannah and Her Sisters,True
795,1986,1987,Children of a Lesser God,True
796,1986,1987,A Room with a View,True
797,1986,1987,The Mission,True
798,1986,1987,Platoon,True
799,1986,1987,Artie Shaw: Time Is All You've Got,True
800,1986,1987,Down and Out in America,True
801,1986,1987,"Women--for America, for the World",True
802,1986,1987,The Assault,True
803,1986,1987,The Fly,True
804,1986,1987,'Round Midnight,True
805,1986,1987,Top Gun,True
806,1986,1987,A Greek Tragedy,True
807,1986,1987,Precious Images,True
808,1986,1987,Aliens,True
809,1987,1988,Wall Street,True
810,1987,1988,The Untouchables,True
811,1987,1988,Moonstruck,True
812,1987,1988,The Last Emperor,True
813,1987,1988,The Ten-Year Lunch: The Wit and Legend of the Algonquin Round Table,True
814,1987,1988,Young at Heart,True
815,1987,1988,Babette's Feast,True
816,1987,1988,Harry and the Hendersons,True
817,1987,1988,Dirty Dancing,True
818,1987,1988,The Man Who Planted Trees,True
819,1987,1988,Ray's Male Heterosexual Dance Hall,True
820,1987,1988,Innerspace,True
821,1987,1988,RoboCop,True
822,1988,1989,Rain Man,True
823,1988,1989,A Fish Called Wanda,True
824,1988,1989,The Accused,True
825,1988,1989,The Accidental Tourist,True
826,1988,1989,Dangerous Liaisons,True
827,1988,1989,Mississippi Burning,True
828,1988,1989,Hotel Terminus: The Life and Times of Klaus Barbie,True
829,1988,1989,You Don't Have to Die,True
830,1988,1989,Who Framed Roger Rabbit,True
831,1988,1989,Pelle the Conqueror,True
832,1988,1989,Beetlejuice,True
833,1988,1989,The Milagro Beanfield War,True
834,1988,1989,Working Girl,True
835,1988,1989,Tin Toy,True
836,1988,1989,The Appointments of Dennis Jennings,True
837,1988,1989,Bird,True
838,1989,1990,My Left Foot,True
839,1989,1990,Glory,True
840,1989,1990,Driving Miss Daisy,True
841,1989,1990,Batman,True
842,1989,1990,Henry V,True
843,1989,1990,Born on the Fourth of July,True
844,1989,1990,Common Threads: Stories from the Quilt,True
845,1989,1990,The Johnstown Flood,True
846,1989,1990,Cinema Paradiso,True
847,1989,1990,The Little Mermaid,True
848,1989,1990,Balance,True
849,1989,1990,Work Experience,True
850,1989,1990,Indiana Jones and the Last Crusade,True
851,1989,1990,The Abyss,True
852,1989,1990,Dead Poets Society,True
853,1990,1991,Reversal of Fortune,True
854,1990,1991,Good Fellas,True
855,1990,1991,Misery,True
856,1990,1991,Ghost,True
857,1990,1991,Dick Tracy,True
858,1990,1991,Dances With Wolves,True
859,1990,1991,Cyrano de Bergerac,True
860,1990,1991,American Dream,True
861,1990,1991,Days of Waiting,True
862,1990,1991,Journey of Hope,True
863,1990,1991,Creature Comforts,True
864,1990,1991,The Lunch Date,True
865,1990,1991,The Hunt for Red October,True
866,1990,1991,Total Recall,True
867,1991,1992,The Silence of the Lambs,True
868,1991,1992,City Slickers,True
869,1991,1992,The Fisher King,True
870,1991,1992,Bugsy,True
871,1991,1992,JFK,True
872,1991,1992,In the Shadow of the Stars,True
873,1991,1992,"Deadly Deception: General Electric, Nuclear Weapons and Our Environment",True
874,1991,1992,Mediterraneo,True
875,1991,1992,Terminator 2: Judgment Day,True
876,1991,1992,Beauty and the Beast,True
877,1991,1992,Manipulation,True
878,1991,1992,Session Man,True
879,1991,1992,Thelma & Louise,True
880,1992,1993,Scent of a Woman,True
881,1992,1993,Unforgiven,True
882,1992,1993,Howards End,True
883,1992,1993,My Cousin Vinny,True
884,1992,1993,A River Runs through It,True
885,1992,1993,Bram Stoker's Dracula,True
886,1992,1993,The Panama Deception,True
887,1992,1993,Educating Peter,True
888,1992,1993,Indochine,True
889,1992,1993,Aladdin,True
890,1992,1993,Mona Lisa Descending a Staircase,True
891,1992,1993,Omnibus,True
892,1992,1993,The Last of the Mohicans,True
893,1992,1993,Death Becomes Her,True
894,1992,1993,The Crying Game,True
895,1993,1994,Philadelphia,True
896,1993,1994,The Fugitive,True
897,1993,1994,The Piano,True
898,1993,1994,Schindler's List,True
899,1993,1994,The Age of Innocence,True
900,1993,1994,I Am a Promise: The Children of Stanton Elementary School,True
901,1993,1994,Defending Our Lives,True
902,1993,1994,Belle Epoque,True
903,1993,1994,Mrs. Doubtfire,True
904,1993,1994,The Wrong Trousers,True
905,1993,1994,Black Rider (Schwarzfahrer),True
906,1993,1994,Jurassic Park,True
907,1994,1995,Forrest Gump,True
908,1994,1995,Ed Wood,True
909,1994,1995,Blue Sky,True
910,1994,1995,Bullets over Broadway,True
911,1994,1995,The Madness of King George,True
912,1994,1995,Legends of the Fall,True
913,1994,1995,"The Adventures of Priscilla, Queen of the Desert",True
914,1994,1995,Maya Lin: A Strong Clear Vision,True
915,1994,1995,A Time for Justice,True
916,1994,1995,Burnt by the Sun,True
917,1994,1995,The Lion King,True
918,1994,1995,Bob's Birthday,True
919,1994,1995,Franz Kafka's It's a Wonderful Life,True
920,1994,1995,Trevor,True
921,1994,1995,Speed,True
922,1994,1995,Pulp Fiction,True
923,1995,1996,Leaving Las Vegas,True
924,1995,1996,The Usual Suspects,True
925,1995,1996,Dead Man Walking,True
926,1995,1996,Mighty Aphrodite,True
927,1995,1996,Restoration,True
928,1995,1996,Braveheart,True
929,1995,1996,Anne Frank Remembered,True
930,1995,1996,One Survivor Remembers,True
931,1995,1996,Apollo 13,True
932,1995,1996,Antonia's Line,True
933,1995,1996,The Postman (Il Postino),True
934,1995,1996,Pocahontas,True
935,1995,1996,A Close Shave,True
936,1995,1996,Lieberman in Love,True
937,1995,1996,Babe,True
938,1995,1996,Sense and Sensibility,True
939,1996,1997,Shine,True
940,1996,1997,Jerry Maguire,True
941,1996,1997,Fargo,True
942,1996,1997,The English Patient,True
943,1996,1997,When We Were Kings,True
944,1996,1997,Breathing Lessons: The Life and Work of Mark O'Brien,True
945,1996,1997,Kolya,True
946,1996,1997,The Nutty Professor,True
947,1996,1997,Emma,True
948,1996,1997,Evita,True
949,1996,1997,Quest,True
950,1996,1997,Dear Diary,True
951,1996,1997,The Ghost and the Darkness,True
952,1996,1997,Independence Day,True
953,1996,1997,Sling Blade,True
954,1997,1998,As Good as It Gets,True
955,1997,1998,Good Will Hunting,True
956,1997,1998,L.A. Confidential,True
957,1997,1998,Titanic,True
958,1997,1998,The Long Way Home,True
959,1997,1998,A Story of Healing,True
960,1997,1998,Character,True
961,1997,1998,Men in Black,True
962,1997,1998,The Full Monty,True
963,1997,1998,Geri's Game,True
964,1997,1998,Visas and Virtue,True
965,1998,1999,Life Is Beautiful,True
966,1998,1999,Affliction,True
967,1998,1999,Shakespeare in Love,True
968,1998,1999,Saving Private Ryan,True
969,1998,1999,The Last Days,True
970,1998,1999,The Personals: Improvisations on Romance in the Golden Years,True
971,1998,1999,Elizabeth,True
972,1998,1999,The Prince of Egypt,True
973,1998,1999,Bunny,True
974,1998,1999,Election Night (Valgaften),True
975,1998,1999,What Dreams May Come,True
976,1998,1999,Gods and Monsters,True
977,1999,2000,American Beauty,True
978,1999,2000,The Cider House Rules,True
979,1999,2000,Boys Don't Cry,True
980,1999,2000,"Girl, Interrupted",True
981,1999,2000,Sleepy Hollow,True
982,1999,2000,Topsy-Turvy,True
983,1999,2000,One Day in September,True
984,1999,2000,King Gimp,True
985,1999,2000,The Matrix,True
986,1999,2000,All about My Mother,True
987,1999,2000,The Red Violin,True
988,1999,2000,Tarzan,True
989,1999,2000,The Old Man and the Sea,True
990,1999,2000,My Mother Dreams the Satan's Disciples in New York,True
991,2000,2001,Gladiator,True
992,2000,2001,Traffic,True
993,2000,2001,Erin Brockovich,True
994,2000,2001,Pollock,True
995,2000,2001,"Crouching Tiger, Hidden Dragon",True
996,2000,2001,Into the Arms of Strangers: Stories of the Kindertransport,True
997,2000,2001,Big Mama,True
998,2000,2001,Dr. Seuss' How the Grinch Stole Christmas,True
999,2000,2001,Wonder Boys,True
1000,2000,2001,Father and Daughter,True
1001,2000,2001,Quiero Ser (I want to be...),True
1002,2000,2001,U-571,True
1003,2000,2001,Almost Famous,True
1004,2001,2002,Training Day,True
1005,2001,2002,Iris,True
1006,2001,2002,Monster's Ball,True
1007,2001,2002,A Beautiful Mind,True
1008,2001,2002,Shrek,True
1009,2001,2002,Moulin Rouge,True
1010,2001,2002,The Lord of the Rings: The Fellowship of the Ring,True
1011,2001,2002,Murder on a Sunday Morning,True
1012,2001,2002,Thoth,True
1013,2001,2002,Black Hawk Down,True
1014,2001,2002,No Man's Land,True
1015,2001,2002,"Monsters, Inc.",True
1016,2001,2002,For the Birds,True
1017,2001,2002,the accountant,True
1018,2001,2002,Pearl Harbor,True
1019,2001,2002,Gosford Park,True
1020,2002,2003,The Pianist,True
1021,2002,2003,Adaptation,True
1022,2002,2003,The Hours,True
1023,2002,2003,Chicago,True
1024,2002,2003,Spirited Away,True
1025,2002,2003,Road to Perdition,True
1026,2002,2003,Bowling for Columbine,True
1027,2002,2003,Twin Towers,True
1028,2002,2003,Nowhere in Africa,True
1029,2002,2003,Frida,True
1030,2002,2003,8 Mile,True
1031,2002,2003,The ChubbChubbs!,True
1032,2002,2003,This Charming Man (Der Er En Yndig Mand),True
1033,2002,2003,The Lord of the Rings: The Two Towers,True
1034,2002,2003,Talk to Her,True
1035,2003,2004,Mystic River,True
1036,2003,2004,Monster,True
1037,2003,2004,Cold Mountain,True
1038,2003,2004,Finding Nemo,True
1039,2003,2004,The Lord of the Rings: The Return of the King,True
1040,2003,2004,Master and Commander: The Far Side of the World,True
1041,2003,2004,The Fog of War,True
1042,2003,2004,Chernobyl Heart,True
1043,2003,2004,The Barbarian Invasions,True
1044,2003,2004,Harvie Krumpet,True
1045,2003,2004,Two Soldiers,True
1046,2003,2004,Lost in Translation,True
1047,2004,2005,Ray,True
1048,2004,2005,Million Dollar Baby,True
1049,2004,2005,The Aviator,True
1050,2004,2005,The Incredibles,True
1051,2004,2005,Born into Brothels,True
1052,2004,2005,Mighty Times: The Children's March,True
1053,2004,2005,The Sea Inside,True
1054,2004,2005,Lemony Snicket's A Series of Unfortunate Events,True
1055,2004,2005,Finding Neverland,True
1056,2004,2005,The Motorcycle Diaries,True
1057,2004,2005,Ryan,True
1058,2004,2005,Wasp,True
1059,2004,2005,Spider-Man 2,True
1060,2004,2005,Sideways,True
1061,2004,2005,Eternal Sunshine of the Spotless Mind,True
1062,2005,2006,Capote,True
1063,2005,2006,Syriana,True
1064,2005,2006,Walk the Line,True
1065,2005,2006,The Constant Gardener,True
1066,2005,2006,Wallace & Gromit in The Curse of the Were-Rabbit,True
1067,2005,2006,Memoirs of a Geisha,True
1068,2005,2006,Brokeback Mountain,True
1069,2005,2006,March of the Penguins,True
1070,2005,2006,A Note of Triumph: The Golden Age of Norman Corwin,True
1071,2005,2006,Crash,True
1072,2005,2006,Tsotsi,True
1073,2005,2006,"The Chronicles of Narnia: The Lion, the Witch and the Wardrobe",True
1074,2005,2006,Hustle & Flow,True
1075,2005,2006,The Moon and the Son: An Imagined Conversation,True
1076,2005,2006,Six Shooter,True
1077,2005,2006,King Kong,True
1078,2006,2007,The Last King of Scotland,True
1079,2006,2007,Little Miss Sunshine,True
1080,2006,2007,The Queen,True
1081,2006,2007,Dreamgirls,True
1082,2006,2007,Happy Feet,True
1083,2006,2007,Pan's Labyrinth,True
1084,2006,2007,Marie Antoinette,True
1085,2006,2007,The Departed,True
1086,2006,2007,An Inconvenient Truth,True
1087,2006,2007,The Blood of Yingzhou District,True
1088,2006,2007,The Lives of Others,True
1089,2006,2007,Babel,True
1090,2006,2007,The Danish Poet,True
1091,2006,2007,West Bank Story,True
1092,2006,2007,Letters from Iwo Jima,True
1093,2006,2007,Pirates of the Caribbean: Dead Man's Chest,True
1094,2007,2008,There Will Be Blood,True
1095,2007,2008,No Country for Old Men,True
1096,2007,2008,La Vie en Rose,True
1097,2007,2008,Michael Clayton,True
1098,2007,2008,Ratatouille,True
1099,2007,2008,Sweeney Todd The Demon Barber of Fleet Street,True
1100,2007,2008,Elizabeth: The Golden Age,True
1101,2007,2008,Taxi to the Dark Side,True
1102,2007,2008,Freeheld,True
1103,2007,2008,The Bourne Ultimatum,True
1104,2007,2008,The Counterfeiters,True
1105,2007,2008,Atonement,True
1106,2007,2008,Once,True
1107,2007,2008,Peter & the Wolf,True
1108,2007,2008,Le Mozart des Pickpockets (The Mozart of Pickpockets),True
1109,2007,2008,The Golden Compass,True
1110,2007,2008,Juno,True
1111,2008,2009,Milk,True
1112,2008,2009,The Dark Knight,True
1113,2008,2009,The Reader,True
1114,2008,2009,Vicky Cristina Barcelona,True
1115,2008,2009,WALL-E,True
1116,2008,2009,The Curious Case of Benjamin Button,True
1117,2008,2009,Slumdog Millionaire,True
1118,2008,2009,The Duchess,True
1119,2008,2009,Man on Wire,True
1120,2008,2009,Smile Pinki,True
1121,2008,2009,Departures,True
1122,2008,2009,La Maison en Petits Cubes,True
1123,2008,2009,Spielzeugland (Toyland),True
1124,2009,2010,Crazy Heart,True
1125,2009,2010,Inglourious Basterds,True
1126,2009,2010,The Blind Side,True
1127,2009,2010,Precious: Based on the Novel 'Push' by Sapphire,True
1128,2009,2010,Up,True
1129,2009,2010,Avatar,True
1130,2009,2010,The Young Victoria,True
1131,2009,2010,The Hurt Locker,True
1132,2009,2010,The Cove,True
1133,2009,2010,Music by Prudence,True
1134,2009,2010,The Secret in Their Eyes,True
1135,2009,2010,Star Trek,True
1136,2009,2010,Logorama,True
1137,2009,2010,The New Tenants,True
1138,2010,2011,The King's Speech,True
1139,2010,2011,The Fighter,True
1140,2010,2011,Black Swan,True
1141,2010,2011,Toy Story 3,True
1142,2010,2011,Alice in Wonderland,True
1143,2010,2011,Inception,True
1144,2010,2011,Inside Job,True
1145,2010,2011,Strangers No More,True
1146,2010,2011,The Social Network,True
1147,2010,2011,In a Better World,True
1148,2010,2011,The Wolfman,True
1149,2010,2011,The Lost Thing,True
1150,2010,2011,God of Love,True
1151,2011,2012,The Artist,True
1152,2011,2012,Beginners,True
1153,2011,2012,The Iron Lady,True
1154,2011,2012,The Help,True
1155,2011,2012,Rango,True
1156,2011,2012,Hugo,True
1157,2011,2012,Undefeated,True
1158,2011,2012,Saving Face,True
1159,2011,2012,The Girl with the Dragon Tattoo,True
1160,2011,2012,A Separation,True
1161,2011,2012,The Muppets,True
1162,2011,2012,The Fantastic Flying Books of Mr. Morris Lessmore,True
1163,2011,2012,The Shore,True
1164,2011,2012,The Descendants,True
1165,2011,2012,Midnight in Paris,True
1166,2012,2013,Lincoln,True
1167,2012,2013,Django Unchained,True
1168,2012,2013,Silver Linings Playbook,True
1169,2012,2013,Les Mis√©rables,True
1170,2012,2013,Brave,True
1171,2012,2013,Life of Pi,True
1172,2012,2013,Anna Karenina,True
1173,2012,2013,Searching for Sugar Man,True
1174,2012,2013,Inocente,True
1175,2012,2013,Argo,True
1176,2012,2013,Amour,True
1177,2012,2013,Skyfall,True
1178,2012,2013,Paperman,True
1179,2012,2013,Curfew,True
1180,2012,2013,Zero Dark Thirty,True
1181,2013,2014,Dallas Buyers Club,True
1182,2013,2014,Blue Jasmine,True
1183,2013,2014,12 Years a Slave,True
1184,2013,2014,Frozen,True
1185,2013,2014,Gravity,True
1186,2013,2014,The Great Gatsby,True
1187,2013,2014,20 Feet from Stardom,True
1188,2013,2014,The Lady in Number 6: Music Saved My Life,True
1189,2013,2014,The Great Beauty,True
1190,2013,2014,Mr. Hublot,True
1191,2013,2014,Helium,True
1192,2013,2014,Her,True
1193,2014,2015,The Theory of Everything,True
1194,2014,2015,Whiplash,True
1195,2014,2015,Still Alice,True
1196,2014,2015,Boyhood,True
1197,2014,2015,Big Hero 6,True
1198,2014,2015,Birdman or (The Unexpected Virtue of Ignorance),True
1199,2014,2015,The Grand Budapest Hotel,True
1200,2014,2015,CitizenFour,True
1201,2014,2015,Crisis Hotline: Veterans Press 1,True
1202,2014,2015,Ida,True
1203,2014,2015,Selma,True
1204,2014,2015,Feast,True
1205,2014,2015,The Phone Call,True
1206,2014,2015,American Sniper,True
1207,2014,2015,Interstellar,True
1208,2014,2015,The Imitation Game,True
1209,2015,2016,The Revenant,True
1210,2015,2016,Bridge of Spies,True
1211,2015,2016,Room,True
1212,2015,2016,The Danish Girl,True
1213,2015,2016,Inside Out,True
1214,2015,2016,Mad Max: Fury Road,True
1215,2015,2016,Amy,True
1216,2015,2016,A Girl in the River: The Price of Forgiveness,True
1217,2015,2016,Son of Saul,True
1218,2015,2016,The Hateful Eight,True
1219,2015,2016,Spectre,True
1220,2015,2016,Spotlight,True
1221,2015,2016,Bear Story,True
1222,2015,2016,Stutterer,True
1223,2015,2016,Ex Machina,True
1224,2015,2016,The Big Short,True
1225,2016,2017,Manchester by the Sea,True
1226,2016,2017,Moonlight,True
1227,2016,2017,La La Land,True
1228,2016,2017,Fences,True
1229,2016,2017,Zootopia,True
1230,2016,2017,Fantastic Beasts and Where to Find Them,True
1231,2016,2017,O.J.: Made in America,True
1232,2016,2017,The White Helmets,True
1233,2016,2017,Hacksaw Ridge,True
1234,2016,2017,The Salesman,True
1235,2016,2017,Suicide Squad,True
1236,2016,2017,Piper,True
1237,2016,2017,Sing,True
1238,2016,2017,Arrival,True
1239,2016,2017,The Jungle Book,True
1240,2017,2018,Darkest Hour,True
1241,2017,2018,"Three Billboards outside Ebbing, Missouri",True
1242,2017,2018,"I, Tonya",True
1243,2017,2018,Coco,True
1244,2017,2018,Blade Runner 2049,True
1245,2017,2018,Phantom Thread,True
1246,2017,2018,The Shape of Water,True
1247,2017,2018,Icarus,True
1248,2017,2018,Heaven Is a Traffic Jam on the 405,True
1249,2017,2018,Dunkirk,True
1250,2017,2018,A Fantastic Woman,True
1251,2017,2018,Dear Basketball,True
1252,2017,2018,The Silent Child,True
1253,2017,2018,Call Me by Your Name,True
1254,2017,2018,Get Out,True
1255,2018,2019,Bohemian Rhapsody,True
1256,2018,2019,Green Book,True
1257,2018,2019,The Favourite,True
1258,2018,2019,If Beale Street Could Talk,True
1259,2018,2019,Spider-Man: Into the Spider-Verse,True
1260,2018,2019,Roma,True
1261,2018,2019,Black Panther,True
1262,2018,2019,Free Solo,True
1263,2018,2019,Period. End of Sentence.,True
1264,2018,2019,Vice,True
1265,2018,2019,A Star Is Born,True
1266,2018,2019,Bao,True
1267,2018,2019,Skin,True
1268,2018,2019,First Man,True
1269,2018,2019,BlacKkKlansman,True
1270,2019,2020,Joker,True
1271,2019,2020,Once upon a Time...in Hollywood,True
1272,2019,2020,Judy,True
1273,2019,2020,Marriage Story,True
1274,2019,2020,Toy Story 4,True
1275,2019,2020,1917,True
1276,2019,2020,Little Women,True
1277,2019,2020,Parasite,True
1278,2019,2020,American Factory,True
1279,2019,2020,Learning to Skateboard in a Warzone (If You're a Girl),True
1280,2019,2020,Ford v Ferrari,True
1281,2019,2020,Bombshell,True
1282,2019,2020,Rocketman,True
1283,2019,2020,Hair Love,True
1284,2019,2020,The Neighbors' Window,True
1285,2019,2020,Jojo Rabbit,True
1286,2020,2021,The Father,True
1287,2020,2021,Judas and the Black Messiah,True
1288,2020,2021,Nomadland,True
1289,2020,2021,Minari,True
1290,2020,2021,Soul,True
1291,2020,2021,Mank,True
1292,2020,2021,Ma Rainey's Black Bottom,True
1293,2020,2021,My Octopus Teacher,True
1294,2020,2021,Colette,True
1295,2020,2021,Sound of Metal,True
1296,2020,2021,Another Round,True
1297,2020,2021,If Anything Happens I Love You,True
1298,2020,2021,Two Distant Strangers,True
1299,2020,2021,Tenet,True
1300,2020,2021,Promising Young Woman,True
1301,2021,2022,King Richard,True
1302,2021,2022,CODA,True
1303,2021,2022,The Eyes of Tammy Faye,True
1304,2021,2022,West Side Story,True
1305,2021,2022,Encanto,True
1306,2021,2022,Dune,True
1307,2021,2022,Cruella,True
1308,2021,2022,The Power of the Dog,True
1309,2021,2022,"Summer of Soul (...Or, When the Revolution Could Not Be Televised)",True
1310,2021,2022,The Queen of Basketball,True
1311,2021,2022,Drive My Car,True
1312,2021,2022,No Time to Die,True
1313,2021,2022,The Windshield Wiper,True
1314,2021,2022,The Long Goodbye,True
1315,2021,2022,Belfast,True
1316,2022,2023,The Whale,True
1317,2022,2023,Everything Everywhere All at Once,True
1318,2022,2023,Guillermo del Toro's Pinocchio,True
1319,2022,2023,All Quiet on the Western Front,True
1320,2022,2023,Black Panther: Wakanda Forever,True
1321,2022,2023,Navalny,True
1322,2022,2023,The Elephant Whisperers,True
1323,2022,2023,RRR,True
1324,2022,2023,"The Boy, the Mole, the Fox and the Horse",True
1325,2022,2023,An Irish Goodbye,True
1326,2022,2023,Top Gun: Maverick,True
1327,2022,2023,Avatar: The Way of Water,True
1328,2022,2023,Women Talking,True
1329,2022,2023,Welcome to Chechnya,True
